,name,company,year,Price,kms_driven,fuel_type
0,Hyundai Santro Xing,Hyundai,2007,0.016286644951140065,0.1125,Petrol
1,Mahindra Jeep CL550,Mahindra,2006,0.12866449511400652,0.0001,Diesel
2,Hyundai Grand i10,Hyundai,2014,0.09609120521172639,0.07,Petrol
3,Ford EcoSport Titanium,Ford,2014,0.1775244299674267,0.09000000000000001,Diesel
4,Ford Figo,Ford,2012,0.04723127035830618,0.10250000000000001,Diesel
5,Hyundai Eon,Hyundai,2013,0.052117263843648204,0.0625,Petrol
6,Ford EcoSport Ambiente,Ford,2016,0.26058631921824105,0.061325000000000005,Diesel
7,Maruti Suzuki Alto,Maruti,2015,0.07166123778501628,0.15000000000000002,Petrol
8,Skoda Fabia Classic,Skoda,2010,0.049511400651465795,0.15000000000000002,Petrol
9,Maruti Suzuki Stingray,Maruti,2015,0.09283387622149837,0.07500000000000001,Petrol
10,Hyundai Elite i20,Hyundai,2014,0.1254071661237785,0.08,Petrol
11,Mahindra Scorpio SLE,Mahindra,2015,0.09446254071661238,0.12165000000000001,Diesel
12,Audi A8,Audi,2017,0.31596091205211724,0.01,Petrol
13,Audi Q7,Audi,2014,0.1530944625407166,0.042335000000000005,Diesel
14,Mahindra Scorpio S10,Mahindra,2016,0.10423452768729641,0.10750000000000001,Diesel
15,Maruti Suzuki Alto,Maruti,2014,0.042345276872964174,0.08887500000000001,Petrol
16,Mahindra Scorpio S10,Mahindra,2016,0.09120521172638436,0.098805,Diesel
17,Maruti Suzuki Alto,Maruti,2015,0.014657980456026058,0.0975,Petrol
18,Hyundai i20 Sportz,Hyundai,2012,0.02280130293159609,0.1375,Petrol
19,Maruti Suzuki Alto,Maruti,2017,0.052117263843648204,0.18000000000000002,Petrol
20,Maruti Suzuki Vitara,Maruti,2016,0.08469055374592833,0.0399375,Diesel
21,Maruti Suzuki Alto,Maruti,2008,0.021172638436482084,0.17500000000000002,Petrol
22,Mahindra Bolero DI,Mahindra,2017,0.04885993485342019,0.05863,Diesel
23,Maruti Suzuki Swift,Maruti,2014,0.11563517915309446,0.08880500000000001,Diesel
24,Mahindra Scorpio S10,Mahindra,2015,0.07166123778501628,0.12127000000000002,Diesel
25,Maruti Suzuki Swift,Maruti,2017,0.04885993485342019,0.0387175,Petrol
26,Maruti Suzuki Wagon,Maruti,2013,0.024429967426710098,0.0975,Petrol
27,Maruti Suzuki Wagon,Maruti,2013,0.024429967426710098,0.0975,Petrol
28,Toyota Innova 2.0,Toyota,2012,0.20195439739413681,0.20500000000000002,Diesel
29,Renault Lodgy 85,Renault,2018,0.21498338762214983,0.05,Diesel
30,Skoda Yeti Ambition,Skoda,2012,0.13615635179153093,0.17,Diesel
31,Maruti Suzuki Baleno,Maruti,2017,0.16905537459283387,0.08,Diesel
32,Renault Duster 110,Renault,2012,0.15342019543973942,0.095,Diesel
33,Renault Duster 85,Renault,2013,0.14983680781758957,0.0675,Diesel
34,Honda City 1.5,Honda,2011,0.08143322475570032,0.0825,Petrol
35,Maruti Suzuki Dzire,Maruti,2013,0.10423420195439739,0.115,Diesel
36,Honda Amaze,Honda,2013,0.08306156351791531,0.115,Diesel
37,Honda Amaze 1.5,Honda,2015,0.1026058631921824,0.09000000000000001,Diesel
38,Honda City,Honda,2015,0.15309413680781758,0.1375,Petrol
39,Datsun Redi GO,Datsun,2017,0.06677524429967427,0.04,Petrol
40,Maruti Suzuki SX4,Maruti,2010,0.07166091205211726,0.09000000000000001,Petrol
41,Mitsubishi Pajero Sport,Mitsubishi,2015,0.47068403908794787,0.11750000000000001,Diesel
42,Mahindra Scorpio S10,Mahindra,2015,0.11889250814332247,0.08750000000000001,Diesel
43,Maruti Suzuki Swift,Maruti,2017,0.06188925081433225,0.077185,Petrol
44,Honda City ZX,Honda,2017,0.04560260586319219,0.037500000000000006,Diesel
45,Maruti Suzuki Wagon,Maruti,2013,0.017915309446254073,0.0742125,Petrol
46,Tata Indigo eCS,Tata,2017,0.05537459283387622,0.325,Diesel
47,Mahindra Scorpio SLE,Mahindra,2012,0.1758957654723127,0.0475,Diesel
48,Volkswagen Polo Highline,Volkswagen,2014,0.09283387622149837,0.15000000000000002,Petrol
49,Chevrolet Spark LS,Chevrolet,2010,0.026058631921824105,0.10250000000000001,Petrol
50,Renault Duster 110PS,Renault,2012,0.15342019543973942,0.08750000000000001,Diesel
51,Honda City,Honda,2015,0.13648175895765471,0.135,Petrol
52,Mini Cooper S,Mini,2013,0.6062250814332247,0.0325,Petrol
53,Skoda Fabia 1.2L,Skoda,2011,0.04218241042345276,0.0955,Diesel
54,Honda Amaze,Honda,2015,0.10260553745928339,0.05500000000000001,Petrol
55,Renault Duster,Renault,2014,0.1368074918566775,0.125,Diesel
56,Mini Cooper S,Mini,2013,0.6062250814332247,0.03375,Petrol
57,Mahindra Scorpio S4,Mahindra,2015,0.2719869706840391,0.07500000000000001,Diesel
58,Mahindra Scorpio VLX,Mahindra,2014,0.21791530944625406,0.125,Diesel
59,Mahindra Quanto C8,Mahindra,2013,0.11237785016286644,0.05,Diesel
60,Ford EcoSport,Ford,2017,0.14983680781758957,0.0975,Petrol
61,Honda Brio,Honda,2012,0.06351758957654723,0.07500000000000001,Petrol
62,Volkswagen Vento Highline,Volkswagen,2019,0.3811074918566775,0.009000000000000001,Diesel
63,Hyundai i20 Magna,Hyundai,2009,0.05374592833876221,0.08,Petrol
64,Toyota Corolla Altis,Toyota,2010,0.10456026058631922,0.095,Diesel
65,Hyundai Verna Transform,Hyundai,2008,0.042345276872964174,0.1125,Petrol
66,Toyota Corolla Altis,Toyota,2009,0.06840390879478828,0.08750000000000001,Petrol
67,Honda City 1.5,Honda,2005,0.019543973941368076,0.125,Petrol
68,Skoda Fabia 1.2L,Skoda,2011,0.04071661237785017,0.11465750000000001,Diesel
69,BMW 3 Series,BMW,2011,0.18566775244299674,0.15125000000000002,Petrol
70,Maruti Suzuki A,Maruti,2011,0.051954397394136806,0.03125,Petrol
71,Toyota Etios GD,Toyota,2013,0.10423452768729641,0.15000000000000002,Diesel
72,Ford Figo Diesel,Ford,2012,0.05863192182410423,0.08750000000000001,Diesel
73,Maruti Suzuki Swift,Maruti,2014,0.11726384364820847,0.08750000000000001,Petrol
74,Chevrolet Beat LT,Chevrolet,2012,0.03420195439739414,0.1125,Diesel
75,BMW 7 Series,BMW,2009,0.511400651465798,0.08750000000000001,Petrol
76,Mahindra XUV500 W8,Mahindra,2013,0.21856677524429968,0.095,Diesel
77,Hyundai i10 Magna,Hyundai,2014,0.0765472312703583,0.045000000000000005,Petrol
78,Hyundai Verna Fluidic,Hyundai,2015,0.16123778501628663,0.08750000000000001,Diesel
79,Maruti Suzuki Swift,Maruti,2013,0.11140065146579804,0.0333725,Petrol
80,Maruti Suzuki Ertiga,Maruti,2016,0.1970684039087948,0.07250000000000001,Petrol
81,Ford EcoSport Titanium,Ford,2014,0.16938110749185667,0.11000000000000001,Diesel
82,Maruti Suzuki Ertiga,Maruti,2016,0.1775244299674267,0.07250000000000001,Petrol
83,Maruti Suzuki Ertiga,Maruti,2013,0.1482084690553746,0.10500000000000001,Diesel
84,Maruti Suzuki Alto,Maruti,2012,0.04071661237785017,0.035,Petrol
85,Hyundai Grand i10,Hyundai,2014,0.1026058631921824,0.12250000000000001,Diesel
86,Honda Amaze 1.2,Honda,2014,0.09609120521172639,0.10500000000000001,Petrol
87,Hyundai i20 Asta,Hyundai,2012,0.09755700325732898,0.09050000000000001,Diesel
88,Ford Figo Diesel,Ford,2014,0.05374592833876221,0.125,Diesel
89,Maruti Suzuki Eeco,Maruti,2015,0.07202312703583061,0.1375,Petrol
90,Maruti Suzuki Ertiga,Maruti,2014,0.17589543973941368,0.1125,Petrol
91,Maruti Suzuki Esteem,Maruti,2007,0.01302899022801303,0.1275,Petrol
92,Maruti Suzuki Ritz,Maruti,2014,0.08794755700325732,0.0475,Petrol
93,Maruti Suzuki Dzire,Maruti,2009,0.06188925081433225,0.115,Petrol
94,Maruti Suzuki Ritz,Maruti,2013,0.12052084690553747,0.0825,Diesel
95,Maruti Suzuki Dzire,Maruti,2015,0.13680781758957655,0.26,Diesel
96,Toyota Etios Liva,Toyota,2014,0.0781758957654723,0.1375,Petrol
97,Hyundai i20 Sportz,Hyundai,2011,0.10423452768729641,0.0833325,Diesel
98,Chevrolet Spark,Chevrolet,2012,0.04182410423452769,0.084,Petrol
99,Maruti Suzuki Alto,Maruti,2017,0.10423452768729641,0.014,Petrol
100,Nissan Micra XV,Nissan,2011,0.048534201954397393,0.10250000000000001,Petrol
101,Maruti Suzuki Swift,Maruti,2007,0.03094462540716612,0.17500000000000002,Petrol
102,Maruti Suzuki Alto,Maruti,2018,0.05537459283387622,0.018750000000000003,Petrol
103,Honda Amaze 1.5,Honda,2013,0.08762214983713355,0.1125,Diesel
104,Maruti Suzuki Alto,Maruti,2015,0.06188925081433225,0.095,Petrol
105,Chevrolet Beat,Chevrolet,2015,0.03908794788273616,0.07500000000000001,Petrol
106,Honda City 1.5,Honda,2010,0.08306188925081433,0.08750000000000001,Petrol
107,Ford EcoSport Trend,Ford,2016,0.26058631921824105,0.060825000000000004,Diesel
108,Hyundai i20 Asta,Hyundai,2009,0.05863192182410423,0.1637,Petrol
109,Maruti Suzuki Swift,Maruti,2013,0.10097719869706841,0.10250000000000001,Petrol
110,Tata Indica V2,Tata,2006,0.019543973941368076,0.05,Petrol
111,Hindustan Motors Ambassador,Hindustan,2000,0.013029315960912051,0.5,Diesel
112,Toyota Corolla Altis,Toyota,2010,0.0846902280130293,0.17500000000000002,Petrol
113,Toyota Corolla Altis,Toyota,2012,0.10423420195439739,0.14750000000000002,Petrol
114,Toyota Innova 2.5,Toyota,2012,0.26710065146579803,0.24750000000000003,Diesel
115,Volkswagen Jetta Highline,Volkswagen,2014,0.23452736156351792,0.115,Diesel
116,Volkswagen Polo Comfortline,Volkswagen,2015,0.12052084690553747,0.007,Petrol
117,Volkswagen Polo,Volkswagen,2014,0.0798042345276873,0.08,Petrol
118,Mahindra Scorpio,Mahindra,2015,0.31107459283387623,0.05500000000000001,Diesel
119,Nissan Sunny,Nissan,2012,0.06351758957654723,0.1125,Petrol
120,Hyundai Elite i20,Hyundai,2018,0.18566742671009773,0.052500000000000005,Petrol
121,Renault Kwid,Renault,2016,0.07003224755700325,0.027500000000000004,Petrol
122,Renault Duster,Renault,2013,0.12052084690553747,0.10250000000000001,Diesel
123,Renault Duster,Renault,2014,0.14495081433224755,0.125,Diesel
124,Mahindra Scorpio VLX,Mahindra,2011,0.15309413680781758,0.165,Diesel
125,Maruti Suzuki Alto,Maruti,2018,0.09120521172638436,0.007500000000000001,Petrol
126,Chevrolet Spark LT,Chevrolet,2010,0.017915309446254073,0.1125,Petrol
127,Datsun Redi GO,Datsun,2016,0.07003257328990228,0.0175,Petrol
128,Maruti Suzuki Swift,Maruti,2010,0.051954397394136806,0.09625,Diesel
129,Fiat Punto Emotion,Fiat,2012,0.04543973941368078,0.09300000000000001,Diesel
130,Maruti Suzuki Swift,Maruti,2010,0.04218241042345276,0.10800000000000001,Diesel
131,Toyota Etios GD,Toyota,2013,0.07980456026058631,0.062000000000000006,Petrol
132,Hyundai i20 Sportz,Hyundai,2014,0.11074918566775244,0.15000000000000002,Diesel
133,Hyundai i10 Sportz,Hyundai,2010,0.04495114006514658,0.11468,Petrol
134,Chevrolet Beat LT,Chevrolet,2011,0.03908794788273616,0.1,Diesel
135,Chevrolet Beat LS,Chevrolet,2011,0.03745928338762215,0.1125,Diesel
136,Chevrolet Beat LT,Chevrolet,2012,0.02231270358306189,0.095,Diesel
137,Tata Indigo CS,Tata,2011,0.017915309446254073,0.0285,Diesel
138,Toyota Corolla Altis,Toyota,2015,0.1775244299674267,0.10500000000000001,Petrol
139,Honda City 1.5,Honda,2014,0.16905537459283387,0.0975,Petrol
140,Maruti Suzuki Swift,Maruti,2011,0.05830618892508142,0.11750000000000001,Diesel
141,Hyundai Eon Era,Hyundai,2013,0.0504885993485342,0.0675,Petrol
142,Mahindra Scorpio S10,Mahindra,2015,0.28338762214983715,0.24300000000000002,Diesel
143,Mahindra XUV500,Mahindra,2014,0.21824071661237784,0.13,Diesel
144,Ford Fiesta,Ford,2011,0.0798042345276873,0.1375,Diesel
145,Honda City,Honda,2015,0.18566742671009773,0.07500000000000001,Diesel
146,Maruti Suzuki Wagon,Maruti,2012,0.05537426710097719,0.11000000000000001,Petrol
147,Honda City,Honda,2014,0.16775211726384365,0.1125,Diesel
148,Hyundai i20,Hyundai,2009,0.05504885993485342,0.0775,Petrol
149,Tata Indigo eCS,Tata,2016,0.09446254071661238,0.43857500000000005,Diesel
150,Hyundai Fluidic Verna,Hyundai,2015,0.16612377850162866,0.095,Diesel
151,Mahindra Quanto C8,Mahindra,2013,0.10097719869706841,0.09250000000000001,Diesel
152,Fiat Petra ELX,Fiat,2008,0.014657980456026058,0.1625,Petrol
153,Hyundai Santro Xing,Hyundai,2005,0.006188925081433223,0.018750000000000003,Petrol
154,Maruti Suzuki Ciaz,Maruti,2016,0.21824104234527686,0.008375,Petrol
155,Maruti Suzuki Zen,Maruti,2000,0.008143322475570033,0.15000000000000002,Petrol
156,Hyundai Creta 1.6,Hyundai,2017,0.28175895765472314,0.08,Petrol
157,Mahindra Scorpio SLX,Mahindra,2007,0.10586319218241041,0.18750000000000003,Diesel
158,Mahindra Scorpio SLE,Mahindra,2012,0.1742671009771987,0.155,Diesel
159,Toyota Innova 2.5,Toyota,2006,0.10912052117263843,0.18250000000000002,Diesel
160,Maruti Suzuki Alto,Maruti,2011,0.03745928338762215,0.10250000000000001,Petrol
161,Maruti Suzuki Wagon,Maruti,2011,0.05863192182410423,0.08750000000000001,Petrol
162,Tata Nano Cx,Tata,2013,0.0032573289902280127,0.0055000000000000005,Petrol
163,Maruti Suzuki Alto,Maruti,2013,0.03094462540716612,0.0975,Petrol
164,Maruti Suzuki Wagon,Maruti,2009,0.03420195439739414,0.1125,Petrol
165,Maruti Suzuki Swift,Maruti,2006,0.03420195439739414,0.1125,Petrol
166,Tata Sumo Victa,Tata,2012,0.08306188925081433,0.1625,Diesel
167,Maruti Suzuki Wagon,Maruti,2010,0.03745928338762215,0.13717500000000002,Petrol
168,Maruti Suzuki Alto,Maruti,2010,0.03420195439739414,0.08645000000000001,Petrol
169,Volkswagen Passat Diesel,Volkswagen,2009,0.13680781758957655,0.24250000000000002,Diesel
170,Renault Scala RxL,Renault,2015,0.11237785016286644,0.0625,Diesel
171,Hyundai Grand i10,Hyundai,2014,0.10912052117263843,0.05,Petrol
172,Hyundai i20 Active,Hyundai,2015,0.1530944625407166,0.045000000000000005,Petrol
173,Mahindra Xylo E4,Mahindra,2012,0.12052117263843648,0.08750000000000001,Diesel
174,Mahindra Jeep MM,Mahindra,2019,0.11726384364820847,0.00015000000000000001,Diesel
175,Mahindra Bolero SLE,Mahindra,2013,0.09771986970684039,0.2005,Diesel
176,Force Motors Force,Force,2015,0.1791530944625407,0.008,Diesel
177,Maruti Suzuki SX4,Maruti,2012,0.0765472312703583,0.115,Diesel
178,Mahindra Jeep CL550,Mahindra,2019,0.11368078175895766,0.0,Diesel
179,Maruti Suzuki Alto,Maruti,2015,0.06156351791530944,0.0125,Petrol
180,Mahindra Jeep CL550,Mahindra,2018,0.11563517915309446,0.0014700000000000002,Diesel
181,Toyota Etios,Toyota,2011,0.07980456026058631,0.09000000000000001,Diesel
182,Volkswagen Polo,Volkswagen,2015,0.09771986970684039,0.095,Diesel
183,Honda City ZX,Honda,2008,0.026058631921824105,0.1125,Petrol
184,Maruti Suzuki Wagon,Maruti,2006,0.016286644951140065,0.17800000000000002,Petrol
185,Honda City VX,Honda,2016,0.15928338762214983,0.13,Diesel
186,Mahindra Thar CRDe,Mahindra,2016,0.2280130293159609,0.07250000000000001,Diesel
187,Audi A4 1.8,Audi,2009,0.21791530944625406,0.11750000000000001,Petrol
188,Mercedes Benz GLA,Mercedes,2015,0.6416938110749185,0.05,Diesel
189,Land Rover Freelander,Land,2015,0.6742671009771987,0.07500000000000001,Diesel
190,Renault Kwid RXT,Renault,2017,0.10097719869706841,0.0125,Petrol
191,Tata Aria Pleasure,Tata,2014,0.11726384364820847,0.08750000000000001,Diesel
192,Mercedes Benz B,Mercedes,2014,0.44625407166123776,0.0775,Petrol
193,Datsun GO T,Datsun,2016,0.07003257328990228,0.0175,Petrol
194,Tata Indigo eCS,Tata,2016,0.09446254071661238,0.43850000000000006,Diesel
195,Honda Jazz VX,Honda,2016,0.13680781758957655,0.10250000000000001,Petrol
196,Honda Amaze 1.2,Honda,2014,0.09153094462540716,0.0825,Petrol
197,Honda City,Honda,2012,0.12052084690553747,0.1125,Petrol
198,Honda City,Honda,2015,0.18566742671009773,0.0975,Diesel
199,Mahindra Scorpio S4,Mahindra,2015,0.2687296416938111,0.07500000000000001,Diesel
200,Hyundai i20 Active,Hyundai,2015,0.16449511400651465,0.09250000000000001,Diesel
201,Mini Cooper S,Mini,2013,0.6062250814332247,0.0325,Petrol
202,Maruti Suzuki Ciaz,Maruti,2017,0.21791530944625406,0.035,Petrol
203,Chevrolet Tavera Neo,Chevrolet,2013,0.11237785016286644,0.1375,Diesel
204,Hyundai Eon Sportz,Hyundai,2012,0.0482084690553746,0.07500000000000001,Petrol
205,Tata Sumo Gold,Tata,2013,0.08794788273615635,0.125,Diesel
206,Maruti Suzuki Wagon,Maruti,2003,0.019543973941368076,0.1125,Petrol
207,Maruti Suzuki Esteem,Maruti,2006,0.021172638436482084,0.1125,Petrol
208,Maruti Suzuki Eeco,Maruti,2015,0.07328990228013028,0.023250000000000003,Petrol
209,Chevrolet Enjoy 1.4,Chevrolet,2013,0.07003257328990228,0.1375,Diesel
210,Maruti Suzuki Wagon,Maruti,2015,0.0846902280130293,0.05500000000000001,Petrol
211,Nissan Terrano XL,Nissan,2015,0.15309413680781758,0.15000000000000002,Diesel
212,Renault Duster 85,Renault,2014,0.14983680781758957,0.14750000000000002,Diesel
213,Renault Duster 85,Renault,2015,0.16938078175895765,0.0475,Diesel
214,Maruti Suzuki Dzire,Maruti,2013,0.11400651465798045,0.07500000000000001,Petrol
215,Renault Kwid RXT,Renault,2018,0.09609120521172639,0.037500000000000006,Petrol
216,Maruti Suzuki Maruti,Maruti,2003,0.008794788273615635,0.14189500000000002,Petrol
217,Renault Kwid 1.0,Renault,2018,0.10423420195439739,0.025,Petrol
218,Renault Scala RxL,Renault,2014,0.10423420195439739,0.12250000000000001,Diesel
219,Hyundai Grand i10,Hyundai,2014,0.1237785016286645,0.10250000000000001,Petrol
220,Maruti Suzuki Swift,Maruti,2011,0.06351791530944625,0.1125,Petrol
221,Chevrolet Beat LS,Chevrolet,2010,0.02931596091205212,0.10750000000000001,Petrol
222,Hyundai Santro Xing,Hyundai,2000,0.009446254071661237,0.141125,Petrol
223,Chevrolet Beat LS,Chevrolet,2010,0.016286644951140065,0.14,Petrol
224,Chevrolet Beat LS,Chevrolet,2015,0.06188925081433225,0.08175,Petrol
225,Ford EcoSport Titanium,Ford,2016,0.18534201954397395,0.07500000000000001,Diesel
226,Hyundai Accent GLX,Hyundai,2006,0.016286644951140065,0.14,Petrol
227,Mahindra TUV300 T4,Mahindra,2016,0.21009771986970685,0.022500000000000003,Diesel
228,Tata Indica V2,Tata,2008,0.03908794788273616,0.027500000000000004,Petrol
229,Tata Indigo CS,Tata,2009,0.013843648208469055,0.115,Diesel
230,Maruti Suzuki Swift,Maruti,2019,0.18892508143322476,0.00018250000000000002,Petrol
231,Mahindra Scorpio VLX,Mahindra,2004,0.06514657980456026,0.4,Diesel
232,Honda Accord,Honda,2009,0.04723127035830618,0.1463975,Petrol
233,Ford EcoSport Titanium,Ford,2014,0.15960912052117263,0.14250000000000002,Diesel
234,Maruti Suzuki Ertiga,Maruti,2015,0.16123745928338762,0.125,Diesel
235,Honda Amaze,Honda,2014,0.08794755700325732,0.09250000000000001,Petrol
236,Maruti Suzuki Dzire,Maruti,2012,0.08794755700325732,0.1,Petrol
237,Honda City,Honda,2011,0.08306156351791531,0.1375,Petrol
238,Mahindra Scorpio 2.6,Mahindra,2007,0.06188925081433225,0.42500000000000004,Diesel
239,Maruti Suzuki Dzire,Maruti,2014,0.1286641693811075,0.1375,Diesel
240,Honda City,Honda,2015,0.20032540716612376,0.0975,Petrol
241,Honda Mobilio,Honda,2014,0.12052084690553747,0.11000000000000001,Petrol
242,Toyota Corolla Altis,Toyota,2009,0.05537426710097719,0.1625,Petrol
243,Honda City,Honda,2014,0.1807814332247557,0.0975,Petrol
244,Skoda Laura,Skoda,2012,0.10423420195439739,0.11000000000000001,Diesel
245,Renault Duster,Renault,2015,0.1368074918566775,0.12250000000000001,Diesel
246,Maruti Suzuki Ertiga,Maruti,2018,0.25081400651465796,0.022500000000000003,Diesel
247,Maruti Suzuki Dzire,Maruti,2015,0.1351788273615635,0.1125,Diesel
248,Mahindra XUV500,Mahindra,2014,0.20195407166123777,0.11750000000000001,Diesel
249,Hyundai Verna Fluidic,Hyundai,2012,0.1351788273615635,0.1,Diesel
250,Maruti Suzuki Vitara,Maruti,2016,0.21498338762214983,0.07250000000000001,Diesel
251,Maruti Suzuki Wagon,Maruti,2016,0.10260553745928339,0.037500000000000006,Petrol
252,Mahindra Scorpio,Mahindra,2015,0.29804527687296417,0.1125,Diesel
253,Honda Amaze,Honda,2014,0.0798042345276873,0.08750000000000001,Petrol
254,Mahindra XUV500,Mahindra,2013,0.21498338762214983,0.2,Diesel
255,Mahindra Scorpio,Mahindra,2013,0.1775241042345277,0.17,Diesel
256,Skoda Laura,Skoda,2013,0.11237752442996743,0.125,Diesel
257,Volkswagen Polo,Volkswagen,2010,0.05537426710097719,0.15000000000000002,Diesel
258,Hyundai Elite i20,Hyundai,2016,0.16938078175895765,0.022500000000000003,Petrol
259,Tata Manza Aura,Tata,2012,0.03257328990228013,0.18000000000000002,Diesel
260,Chevrolet Sail UVA,Chevrolet,2013,0.05863192182410423,0.15000000000000002,Petrol
261,Hyundai Verna Fluidic,Hyundai,2013,0.12084690553745928,0.1125,Diesel
262,Audi A4 2.0,Audi,2012,0.42996742671009774,0.1,Diesel
263,Hyundai Elantra SX,Hyundai,2013,0.18566775244299674,0.05,Petrol
264,Mahindra Scorpio VLX,Mahindra,2013,0.18892508143322476,0.08750000000000001,Diesel
265,Mahindra KUV100 K8,Mahindra,2016,0.12052117263843648,0.05,Diesel
266,Hyundai Grand i10,Hyundai,2017,0.16123745928338762,0.0170525,Petrol
267,Hyundai i20,Hyundai,2014,0.1368074918566775,0.0575,Petrol
268,Hyundai Eon,Hyundai,2014,0.04723094462540717,0.035,Petrol
269,Hyundai i10,Hyundai,2012,0.07003224755700325,0.095,Petrol
270,Hyundai i20 Active,Hyundai,2015,0.1775241042345277,0.08750000000000001,Diesel
271,Datsun Redi GO,Datsun,2017,0.07003224755700325,0.05500000000000001,Petrol
272,Toyota Etios Liva,Toyota,2011,0.06840358306188925,0.10250000000000001,Petrol
273,Hyundai Accent,Hyundai,2010,0.02280097719869707,0.1125,Petrol
274,Hyundai Verna,Hyundai,2014,0.14983680781758957,0.11000000000000001,Diesel
275,Maruti Suzuki Swift,Maruti,2013,0.09609087947882736,0.1125,Diesel
276,Toyota Fortuner,Toyota,2011,0.34039055374592836,0.13,Diesel
277,Hyundai i10 Sportz,Hyundai,2012,0.06514657980456026,0.085,Petrol
278,Mahindra Bolero Power,Mahindra,2018,0.21791530944625406,0.0045000000000000005,Diesel
279,Mahindra XUV500,Mahindra,2015,0.31596091205211724,0.037500000000000006,Diesel
280,Honda City 1.5,Honda,2010,0.06840390879478828,1.0,Petrol
281,Chevrolet Spark LT,Chevrolet,2009,0.026058631921824105,0.11000000000000001,Petrol
282,Mahindra XUV500,Mahindra,2016,0.3583061889250814,0.18000000000000002,Diesel
283,Tata Indigo eCS,Tata,2014,0.07166123778501628,0.1,Diesel
284,Skoda Rapid Elegance,Skoda,2013,0.10097719869706841,0.12000000000000001,Diesel
285,Tata Vista Quadrajet,Tata,2011,0.02931596091205212,0.225,Diesel
286,Maruti Suzuki Alto,Maruti,2015,0.0765472312703583,0.030000000000000002,Petrol
287,Maruti Suzuki Zen,Maruti,2003,0.017915309446254073,0.17475000000000002,Petrol
288,Hyundai i10 Magna,Hyundai,2011,0.04723127035830618,0.1125,Petrol
289,Maruti Suzuki Swift,Maruti,2016,0.10423452768729641,0.41500000000000004,Diesel
290,Honda City ZX,Honda,2008,0.03876221498371335,0.10500000000000001,Petrol
291,Mahindra Jeep MM,Mahindra,2006,0.12866449511400652,0.00030500000000000004,Diesel
292,Chevrolet Beat Diesel,Chevrolet,2017,0.03908794788273616,0.155,Diesel
293,Honda City 1.5,Honda,2010,0.06351791530944625,0.17500000000000002,Petrol
294,Hyundai Verna 1.4,Hyundai,2014,0.11237785016286644,0.09000000000000001,Petrol
295,Toyota Innova 2.5,Toyota,2012,0.24104234527687296,0.0,Diesel
296,Maruti Suzuki Maruti,Maruti,1995,0.0,0.1375,Petrol
297,Maruti Suzuki Swift,Maruti,2014,0.0993485342019544,0.1375,Diesel
298,Hyundai Elite i20,Hyundai,2015,0.13680781758957655,0.05,Diesel
299,Maruti Suzuki Swift,Maruti,2012,0.06351791530944625,0.1,Petrol
300,Maruti Suzuki Versa,Maruti,2004,0.016286644951140065,0.125,Petrol
301,Tata Indigo LX,Tata,2016,0.03257328990228013,0.26,Diesel
302,Volkswagen Vento Konekt,Volkswagen,2011,0.07003257328990228,0.1625,Diesel
303,Mercedes Benz C,Mercedes,2002,0.12019543973941368,0.10250000000000001,Petrol
304,Maruti Suzuki Ertiga,Maruti,2013,0.13680781758957655,0.225,Diesel
305,Honda City,Honda,2000,0.011400651465798044,0.2,Petrol
306,Hyundai Santro Xing,Hyundai,2006,0.014657980456026058,0.115,Petrol
307,Maruti Suzuki Omni,Maruti,2001,0.013029315960912051,0.17500000000000002,Petrol
308,Hyundai Sonata Transform,Hyundai,2017,0.052117263843648204,0.0911725,Diesel
309,Hyundai Elite i20,Hyundai,2018,0.18566775244299674,0.0195,Petrol
310,Maruti Suzuki Alto,Maruti,2017,0.06840390879478828,0.15000000000000002,Petrol
311,Maruti Suzuki Alto,Maruti,2011,0.04071661237785017,0.08,Petrol
312,Honda Jazz S,Honda,2009,0.04560228013029316,0.06173750000000001,Petrol
313,Hyundai Grand i10,Hyundai,2017,0.13680781758957655,0.037852500000000004,Petrol
314,Maruti Suzuki Zen,Maruti,2001,0.0032573289902280127,0.1,Petrol
315,Mahindra Scorpio W,Mahindra,2012,0.04397394136807818,0.1625,Diesel
316,Maruti Suzuki Alto,Maruti,2014,0.0781758957654723,0.05500000000000001,Petrol
317,Hyundai Grand i10,Hyundai,2016,0.08143322475570032,0.14977500000000002,Diesel
318,Mahindra XUV500 W8,Mahindra,2012,0.17263843648208468,0.25,Diesel
319,Hyundai Creta 1.6,Hyundai,2016,0.2996742671009772,0.0625,Petrol
320,Hyundai i20 Magna,Hyundai,2013,0.09120521172638436,0.08750000000000001,Petrol
321,Renault Duster 85,Renault,2015,0.22312703583061888,0.1625,Diesel
322,Hyundai Grand i10,Hyundai,2014,0.10097719869706841,0.08750000000000001,Petrol
323,Honda Brio V,Honda,2012,0.06677524429967427,0.0825,Petrol
324,Mahindra TUV300 T4,Mahindra,2017,0.18892508143322476,0.17,Diesel
325,Chevrolet Spark LS,Chevrolet,2010,0.021172638436482084,0.0575,Petrol
326,Mahindra TUV300 T8,Mahindra,2018,0.31596091205211724,0.011250000000000001,Diesel
327,Maruti Suzuki Swift,Maruti,2015,0.06188925081433225,0.3225,Diesel
328,Nissan X Trail,Nissan,2019,0.3811074918566775,0.00075,Diesel
329,Maruti Suzuki Alto,Maruti,2015,0.06514657980456026,0.0125,Petrol
330,Ford Ikon 1.3,Ford,2001,0.004885993485342018,0.1625,Petrol
331,Toyota Fortuner 3.0,Toyota,2010,0.2964169381107492,0.3275,Diesel
332,Tata Manza ELAN,Tata,2010,0.04089739413680782,0.2777775,Petrol
333,Mercedes Benz A,Mercedes,2013,0.4788273615635179,0.035,Petrol
334,Chevrolet Beat LS,Chevrolet,2016,0.05863192182410423,0.05500000000000001,Diesel
335,Ford EcoSport Trend,Ford,2013,0.1514657980456026,0.095,Diesel
336,Tata Indigo LS,Tata,2016,0.03094462540716612,0.17500000000000002,Diesel
337,Hyundai i20 Magna,Hyundai,2010,0.05374592833876221,0.09000000000000001,Petrol
338,Volkswagen Vento Highline,Volkswagen,2015,0.16938110749185667,0.085,Diesel
339,Renault Kwid RXT,Renault,2015,0.0781758957654723,0.10750000000000001,Petrol
340,Ford EcoSport Titanium,Ford,2014,0.1530944625407166,0.1,Diesel
341,Honda Amaze 1.5,Honda,2016,0.06840390879478828,0.4,Diesel
342,Hyundai Verna 1.6,Hyundai,2017,0.250814332247557,0.030000000000000002,Petrol
343,BMW 5 Series,BMW,2011,0.41335504885993485,0.12250000000000001,Diesel
344,Skoda Superb 1.8,Skoda,2011,0.16286644951140064,0.17,Petrol
345,Audi Q3 2.0,Audi,2013,0.47850162866449514,0.09250000000000001,Diesel
346,Mahindra Bolero DI,Mahindra,2012,0.06188925081433225,0.14866500000000002,Diesel
347,Ford Figo Duratorq,Ford,2012,0.07166123778501628,0.24750000000000003,Diesel
348,Maruti Suzuki Wagon,Maruti,2018,0.11889250814332247,0.06375,Petrol
349,Mahindra Logan Diesel,Mahindra,2009,0.03257328990228013,0.165,Petrol
350,Tata Nano GenX,Tata,2010,0.0006514657980456022,0.11001250000000001,Petrol
351,Mahindra TUV300 T4,Mahindra,2016,0.16612377850162866,0.08750000000000001,Diesel
352,Hyundai Elite i20,Hyundai,2015,0.12214983713355049,0.07,Petrol
353,Hyundai Elite i20,Hyundai,2015,0.12052117263843648,0.07500000000000001,Petrol
354,Honda City SV,Honda,2017,0.23778501628664495,0.01,Petrol
355,Maruti Suzuki Baleno,Maruti,2016,0.1530944625407166,0.07,Petrol
356,Ford Figo Petrol,Ford,2011,0.04723127035830618,0.18750000000000003,Petrol
357,Honda City,Honda,2017,0.23452768729641693,0.007500000000000001,Petrol
358,Hyundai Elite i20,Hyundai,2015,0.1267100977198697,0.05,Petrol
359,Maruti Suzuki Versa,Maruti,2004,0.019543973941368076,0.125,Petrol
360,Hyundai Eon Era,Hyundai,2018,0.035830618892508145,0.005275,Petrol
361,Mitsubishi Pajero Sport,Mitsubishi,2015,0.49185667752442996,0.10805500000000001,Petrol
362,Hyundai i10 Magna,Hyundai,2008,0.07980456026058631,0.2505,Petrol
363,Toyota Corolla H2,Toyota,2003,0.03908794788273616,0.25,Petrol
364,Maruti Suzuki Swift,Maruti,2011,0.06514657980456026,0.00016250000000000002,Petrol
365,Tata Indigo CS,Tata,2015,0.03029315960912052,0.25,Diesel
366,Hyundai Xcent Base,Hyundai,2016,0.08794788273615635,0.35000000000000003,Diesel
367,Hyundai Accent Executive,Hyundai,2009,0.04397394136807818,0.12000000000000001,Petrol
368,Maruti Suzuki Baleno,Maruti,2016,0.152442996742671,0.05500000000000001,Petrol
369,Tata Zest XE,Tata,2018,0.1465798045602606,0.2588825,Diesel
370,Maruti Suzuki Dzire,Maruti,2017,0.149185667752443,0.2,Diesel
371,Tata Sumo Gold,Tata,2014,0.07166123778501628,0.24750000000000003,Diesel
372,Toyota Corolla Altis,Toyota,2010,0.06188925081433225,0.14500000000000002,Petrol
373,Maruti Suzuki Eeco,Maruti,2013,0.08469055374592833,0.17500000000000002,LPG
374,Toyota Fortuner 3.0,Toyota,2015,0.48697068403908794,0.30000000000000004,Diesel
375,Mahindra XUV500 W6,Mahindra,2013,0.1690228013029316,0.12450000000000001,Diesel
376,Tata Tigor Revotron,Tata,2019,0.20195439739413681,0.00025,Diesel
377,Maruti Suzuki 800,Maruti,2001,0.008143322475570033,0.20469,Petrol
378,Maruti Suzuki Ertiga,Maruti,2015,0.16938110749185667,0.18750000000000003,Petrol
379,Honda Mobilio S,Honda,2014,0.12019543973941368,0.11000000000000001,Diesel
380,Maruti Suzuki Ertiga,Maruti,2016,0.2280130293159609,0.1375,Diesel
381,Maruti Suzuki Vitara,Maruti,2017,0.2263843648208469,0.09000000000000001,Diesel
382,Hyundai Verna 1.6,Hyundai,2016,0.05374592833876221,0.14,Diesel
383,Maruti Suzuki Swift,Maruti,2007,0.03257328990228013,0.155,Petrol
384,Maruti Suzuki Omni,Maruti,2014,0.052117263843648204,0.015050000000000001,Petrol
385,Honda Amaze,Honda,2013,0.07166123778501628,0.13925,Diesel
386,Tata Indica,Tata,2005,0.016286644951140065,0.10500000000000001,Petrol
387,Hyundai Santro Xing,Hyundai,2003,0.02931596091205212,0.125,Petrol
388,Maruti Suzuki Zen,Maruti,2010,0.03876221498371335,0.08750000000000001,Petrol
389,Maruti Suzuki Wagon,Maruti,2014,0.07166123778501628,0.046250000000000006,Petrol
390,Maruti Suzuki Wagon,Maruti,2007,0.02931596091205212,0.0175,Petrol
391,Honda Brio VX,Honda,2017,0.13680781758957655,0.027500000000000004,Petrol
392,Maruti Suzuki Zen,Maruti,2003,0.02280097719869707,0.1325,Petrol
393,Maruti Suzuki Zen,Maruti,2008,0.03420195439739414,0.0575,Petrol
394,Maruti Suzuki Wagon,Maruti,2016,0.06351791530944625,0.08875000000000001,Diesel
395,Maruti Suzuki Alto,Maruti,2010,0.022475570032573288,0.055335,Petrol
396,Renault Kwid RXT,Renault,2019,0.11074918566775244,0.0025,Petrol
397,Tata Nano Lx,Tata,2010,0.007166123778501628,0.022500000000000003,Petrol
398,Jaguar XE XE,Jaguar,2016,0.9022801302931596,0.02125,Petrol
399,Hyundai Eon Magna,Hyundai,2014,0.052117263843648204,0.08750000000000001,Petrol
400,Honda City 1.5,Honda,2014,0.1527687296416938,0.05500000000000001,Petrol
401,Hindustan Motors Ambassador,Hindustan,2002,0.019543973941368076,0.0625,Diesel
402,Maruti Suzuki Ritz,Maruti,2010,0.03876221498371335,0.1,Petrol
403,Hyundai Grand i10,Hyundai,2017,0.12052117263843648,0.05,Petrol
404,Hyundai Eon D,Hyundai,2016,0.02931596091205212,0.21750000000000003,Petrol
405,Maruti Suzuki Swift,Maruti,2015,0.07166123778501628,0.1375,Petrol
406,Maruti Suzuki Wagon,Maruti,2017,0.11237785016286644,0.0575,Petrol
407,Honda Amaze 1.2,Honda,2014,0.11433224755700326,0.015000000000000001,Petrol
408,Maruti Suzuki Estilo,Maruti,2013,0.04885993485342019,0.1625,Petrol
409,Maruti Suzuki Vitara,Maruti,2016,0.1791530944625407,0.0625,Diesel
410,Maruti Suzuki Eeco,Maruti,2015,0.08078175895765471,0.0975,Petrol
411,Hyundai Creta 1.6,Hyundai,2016,0.31596091205211724,0.02,Petrol
412,Mahindra Scorpio Vlx,Mahindra,2013,0.21498371335504884,0.18750000000000003,Diesel
413,Maruti Suzuki Ertiga,Maruti,2012,0.1465798045602606,0.1275,Diesel
414,Mitsubishi Lancer 1.8,Mitsubishi,2006,0.017915309446254073,0.125,Petrol
415,Maruti Suzuki Maruti,Maruti,2001,0.0032573289902280127,0.18750000000000003,Petrol
416,Maruti Suzuki Alto,Maruti,2015,0.019543973941368076,0.1395,Petrol
417,Hyundai Grand i10,Hyundai,2015,0.10097719869706841,0.1325,Petrol
418,Hyundai Eon D,Hyundai,2018,0.07491856677524429,0.0625,Petrol
419,Ford Fiesta SXi,Ford,2009,0.07166123778501628,0.14100000000000001,Petrol
420,Maruti Suzuki Ritz,Maruti,2010,0.04885993485342019,0.1804,Diesel
421,Hyundai Verna Fluidic,Hyundai,2012,0.10423452768729641,0.025,Diesel
422,Maruti Suzuki Wagon,Maruti,2006,0.0195442996742671,0.12000000000000001,Petrol
423,Maruti Suzuki Estilo,Maruti,2007,0.027687296416938113,0.09000000000000001,Petrol
424,Audi A6 2.0,Audi,2012,0.5110749185667752,0.02875,Diesel
425,Maruti Suzuki Wagon,Maruti,2003,0.03257328990228013,0.3325,Petrol
426,Maruti Suzuki Wagon,Maruti,2009,0.042019543973941365,0.0675,Petrol
427,Maruti Suzuki Wagon,Maruti,2009,0.042345276872964174,0.08750000000000001,Petrol
428,Maruti Suzuki Alto,Maruti,2010,0.026058631921824105,0.1375,Petrol
429,Maruti Suzuki Baleno,Maruti,2016,0.12866449511400652,0.1,Petrol
430,Hyundai Verna 1.6,Hyundai,2019,0.28338762214983715,0.005,Petrol
431,Maruti Suzuki Swift,Maruti,2009,0.03908794788273616,0.1125,Petrol
432,Hyundai Getz Prime,Hyundai,2009,0.026058631921824105,0.05,Petrol
433,Hyundai Santro,Hyundai,2000,0.007165798045602606,0.22000000000000003,Petrol
434,Hyundai Getz Prime,Hyundai,2009,0.027687296416938113,0.05,Petrol
435,Chevrolet Beat PS,Chevrolet,2012,0.06026058631921824,0.163555,Diesel
436,Ford EcoSport Trend,Ford,2017,0.1791530944625407,0.025,Petrol
437,Maruti Suzuki Dzire,Maruti,2013,0.11400651465798045,0.08750000000000001,Petrol
438,Hyundai Fluidic Verna,Hyundai,2013,0.10423452768729641,0.29250000000000004,Diesel
439,Tata Indica V2,Tata,2005,0.0016286644951140055,0.37500000000000006,Diesel
440,BMW X1 xDrive20d,BMW,2011,0.36482084690553745,0.18000000000000002,Diesel
441,Hyundai i20 Asta,Hyundai,2010,0.08794788273615635,0.026875000000000003,Petrol
442,Honda City 1.5,Honda,2009,0.07785016286644951,0.1375,Petrol
443,Tata Nano,Tata,2013,0.00977198697068404,0.017,Petrol
444,Chevrolet Cruze LTZ,Chevrolet,2014,0.12052117263843648,0.10250000000000001,Diesel
445,Hyundai Verna Fluidic,Hyundai,2015,0.13029315960912052,0.18250000000000002,Diesel
446,Maruti Suzuki Swift,Maruti,2011,0.035830618892508145,0.1625,Diesel
448,Mahindra XUV500 W10,Mahindra,2018,0.41335504885993485,0.1,Diesel
449,Maruti Suzuki Alto,Maruti,2014,0.05504885993485342,0.09250000000000001,Petrol
450,Hyundai Accent GLE,Hyundai,2006,0.019543973941368076,0.1375,Petrol
451,Force Motors One,Force,2013,0.16938110749185667,0.35000000000000003,Diesel
452,Maruti Suzuki Alto,Maruti,2019,0.0765472312703583,0.0245,Petrol
453,Chevrolet Spark 1.0,Chevrolet,2011,0.02280130293159609,0.0675,Petrol
454,Hyundai i10,Hyundai,2009,0.06026058631921824,0.0675,Petrol
455,Toyota Etios Liva,Toyota,2012,0.11400651465798045,0.05,Diesel
456,Renault Duster 85PS,Renault,2013,0.12114625407166124,0.1448075,Diesel
457,Chevrolet Enjoy,Chevrolet,2014,0.1498371335504886,0.0755025,Diesel
458,Maruti Suzuki Alto,Maruti,2017,0.08143322475570032,0.015500000000000002,Petrol
459,BMW 5 Series,BMW,2009,0.20195439739413681,0.093795,Petrol
460,Toyota Etios Liva,Toyota,2014,0.042345276872964174,0.061630000000000004,Petrol
461,Mahindra Jeep MM,Mahindra,2004,0.12833876221498372,0.0009575000000000001,Diesel
462,Chevrolet Beat LS,Chevrolet,2016,0.06351791530944625,0.23750000000000002,Diesel
463,Chevrolet Cruze LTZ,Chevrolet,2011,0.10423452768729641,0.08750000000000001,Diesel
464,Jeep Wrangler Unlimited,Jeep,2015,0.2996742671009772,0.008820000000000001,Diesel
465,Maruti Suzuki Ertiga,Maruti,2013,0.1482084690553746,0.13125,Diesel
466,Hyundai Verna VGT,Hyundai,2010,0.057003257328990226,0.11975000000000001,Diesel
467,Maruti Suzuki Omni,Maruti,2012,0.042345276872964174,0.035,Petrol
468,Maruti Suzuki Celerio,Maruti,2018,0.09120521172638436,0.09250000000000001,Petrol
469,Tata Zest Quadrajet,Tata,2017,0.04885993485342019,0.225,Diesel
470,Mahindra XUV500 W6,Mahindra,2013,0.1693485342019544,0.132,Diesel
471,Tata Indigo CS,Tata,2016,0.03908794788273616,0.26,Diesel
472,Hyundai i10 Era,Hyundai,2011,0.04723127035830618,0.07500000000000001,Petrol
473,Tata Indigo eCS,Tata,2014,0.021172638436482084,0.48750000000000004,Diesel
474,Tata Indigo LX,Tata,2016,0.06514657980456026,0.26,Diesel
475,Tata Indigo eCS,Tata,2016,0.06514657980456026,0.26,Diesel
476,Tata Indigo Marina,Tata,2004,0.04885993485342019,0.17500000000000002,Diesel
477,Hyundai Xcent SX,Hyundai,2015,0.12052117263843648,0.10750000000000001,Diesel
478,Hyundai Eon Magna,Hyundai,2013,0.0504885993485342,0.0575,Petrol
479,Renault Duster 85,Renault,2015,0.11563517915309446,0.1275,Diesel
480,Maruti Suzuki Alto,Maruti,2009,0.019543973941368076,0.155,Petrol
481,Tata Nano LX,Tata,2010,0.0006514657980456022,0.12002000000000002,Petrol
482,Renault Duster 110,Renault,2013,0.13192182410423453,0.0975,Diesel
483,Maruti Suzuki Wagon,Maruti,2010,0.06351791530944625,0.1,Petrol
484,Maruti Suzuki Swift,Maruti,2006,0.05201954397394137,0.12061750000000002,Petrol
485,Maruti Suzuki Ertiga,Maruti,2012,0.11716612377850164,0.0975,Diesel
486,Maruti Suzuki Swift,Maruti,2014,0.10912052117263843,0.0575,Petrol
487,Maruti Suzuki Alto,Maruti,2017,0.10749185667752442,0.023500000000000004,Petrol
488,Hyundai i20 Magna,Hyundai,2010,0.05863192182410423,0.125,Petrol
489,Hyundai i10 Magna,Hyundai,2009,0.04560260586319219,0.18750000000000003,Petrol
490,Tata Zest XE,Tata,2017,0.11400651465798045,0.17500000000000002,Diesel
491,Mahindra Xylo E8,Mahindra,2009,0.08631921824104234,0.16,Diesel
492,Toyota Corolla Altis,Toyota,2010,0.0504885993485342,0.1375,Petrol
493,Tata Manza Aqua,Tata,2014,0.042345276872964174,0.5,Diesel
494,Renault Kwid 1.0,Renault,2018,0.08469055374592833,0.0053425,Petrol
495,Tata Venture EX,Tata,2013,0.02280130293159609,0.07500000000000001,Diesel
496,Maruti Suzuki Swift,Maruti,2014,0.09283387622149837,0.11000000000000001,Petrol
497,Skoda Octavia Classic,Skoda,2006,0.027684039087947882,0.1625,Diesel
498,Maruti Suzuki Omni,Maruti,2012,0.02931596091205212,0.4,LPG
499,Chevrolet Beat Diesel,Chevrolet,2011,0.03094462540716612,0.14,Diesel
500,Tata Sumo Gold,Tata,2012,0.05863192182410423,0.18750000000000003,Diesel
501,Hyundai Verna 1.6,Hyundai,2018,0.2687296416938111,0.10500000000000001,Diesel
502,Mahindra Scorpio 2.6,Mahindra,2007,0.07491856677524429,0.14,Diesel
503,Maruti Suzuki Zen,Maruti,2002,0.021172638436482084,0.02636,Petrol
504,Maruti Suzuki Swift,Maruti,2011,0.07328990228013028,0.16,Petrol
505,Mahindra Scorpio SLX,Mahindra,2008,0.08794788273615635,0.17500000000000002,Diesel
506,Hyundai Grand i10,Hyundai,2014,0.10097719869706841,0.0625,Petrol
507,Hyundai Elite i20,Hyundai,2017,0.16938110749185667,0.037500000000000006,Petrol
508,Ford Ikon 1.6,Ford,2003,0.00977198697068404,0.125,Petrol
509,Toyota Innova 2.5,Toyota,2011,0.23452768729641693,0.36750000000000005,Diesel
510,Nissan Sunny XL,Nissan,2011,0.06514657980456026,0.13,Petrol
511,Chevrolet Beat LT,Chevrolet,2012,0.03257328990228013,0.22500250000000002,Diesel
512,Maruti Suzuki Alto,Maruti,2017,0.0781758957654723,0.052500000000000005,Petrol
513,Maruti Suzuki Swift,Maruti,2012,0.08143322475570032,0.12001500000000001,Diesel
514,Maruti Suzuki Swift,Maruti,2012,0.08143322475570032,0.12001500000000001,Diesel
515,Toyota Innova 2.0,Toyota,2012,0.18566775244299674,0.2,Diesel
516,Maruti Suzuki Swift,Maruti,2010,0.052117263843648204,0.18500000000000003,Diesel
517,Hyundai Elite i20,Hyundai,2015,0.1530944625407166,0.05500000000000001,Petrol
518,Mahindra XUV500 W10,Mahindra,2016,0.33713355048859933,0.10250000000000001,Diesel
519,Volkswagen Polo Trendline,Volkswagen,2015,0.10423452768729641,0.0625,Diesel
520,Toyota Etios Liva,Toyota,2012,0.10423452768729641,0.21250000000000002,Diesel
521,Mahindra TUV300 T4,Mahindra,2016,0.16612377850162866,0.07375000000000001,Diesel
522,Hyundai Elite i20,Hyundai,2015,0.14332247557003258,0.07500000000000001,Petrol
523,Hyundai Santro Xing,Hyundai,2014,0.048534201954397393,0.14250000000000002,Petrol
524,Maruti Suzuki Zen,Maruti,2003,0.005863192182410423,0.15000000000000002,Petrol
525,Maruti Suzuki Ciaz,Maruti,2016,0.20195439739413681,0.125,Petrol
526,Hyundai Eon Era,Hyundai,2013,0.052117263843648204,0.09925,Petrol
527,Hyundai Elantra 1.8,Hyundai,2012,0.1530944625407166,0.1625,Petrol
528,Maruti Suzuki Swift,Maruti,2010,0.0781758957654723,0.1675,Diesel
529,Maruti Suzuki Zen,Maruti,2008,0.03094462540716612,0.115,Petrol
530,Hyundai Eon Era,Hyundai,2012,0.05146579804560261,0.095,Petrol
531,Hyundai Grand i10,Hyundai,2016,0.11400651465798045,0.0675,Petrol
532,Hyundai Verna Fluidic,Hyundai,2011,0.10912052117263843,0.10750000000000001,Diesel
533,Ford EcoSport Trend,Ford,2014,0.14169381107491857,0.11750000000000001,Petrol
534,Hyundai i20 Magna,Hyundai,2011,0.06840390879478828,0.10500000000000001,Petrol
535,Chevrolet Beat Diesel,Chevrolet,2016,0.048859609120521175,0.04834,Diesel
536,Tata Indica eV2,Tata,2015,0.035830618892508145,0.15026250000000002,Diesel
537,Jaguar XF 2.2,Jaguar,2013,0.7035830618892508,0.07250000000000001,Diesel
538,Audi Q5 2.0,Audi,2014,0.7687296416938111,0.085,Diesel
539,BMW 3 Series,BMW,2011,0.34039087947882735,0.08750000000000001,Diesel
540,Maruti Suzuki Swift,Maruti,2015,0.1449511400651466,0.05500000000000001,Petrol
541,BMW X1 sDrive20d,BMW,2012,0.3241042345276873,0.10250000000000001,Diesel
542,Maruti Suzuki S,Maruti,2016,0.19055374592833876,0.052500000000000005,Diesel
543,Maruti Suzuki Ertiga,Maruti,2013,0.1449511400651466,0.12000000000000001,Diesel
544,Maruti Suzuki Alto,Maruti,2016,0.0781758957654723,0.095,Petrol
545,Honda City SV,Honda,2014,0.1449511400651466,0.085,Diesel
546,Volkswagen Vento Comfortline,Volkswagen,2011,0.06840390879478828,0.1148325,Petrol
547,Honda City 1.5,Honda,2005,0.02931596091205212,0.17,Petrol
548,Audi A4 2.0,Audi,2016,0.6091205211726385,0.11000000000000001,Diesel
549,Mahindra KUV100,Mahindra,2017,0.10749185667752442,0.08750000000000001,Diesel
550,Tata Zest XE,Tata,2018,0.13680781758957655,0.2564075,Diesel
551,Mahindra XUV500 W8,Mahindra,2015,0.28338762214983715,0.07150000000000001,Diesel
552,Maruti Suzuki Swift,Maruti,2017,0.20195439739413681,0.10450000000000001,Diesel
553,Tata Sumo Gold,Tata,2014,0.07980456026058631,0.29000000000000004,Diesel
554,Maruti Suzuki Swift,Maruti,2009,0.05863192182410423,0.14750000000000002,Petrol
555,Mahindra Scorpio 2.6,Mahindra,2004,0.04723127035830618,0.14500000000000002,Diesel
556,Maruti Suzuki Omni,Maruti,2009,0.017915309446254073,0.1125,Petrol
557,Mitsubishi Pajero Sport,Mitsubishi,2015,0.4755700325732899,0.10647500000000001,Diesel
558,Renault Duster,Renault,2014,0.250814332247557,0.018500000000000003,Diesel
559,Volkswagen Jetta Comfortline,Volkswagen,2009,0.13680781758957655,0.13625,Diesel
560,Maruti Suzuki Ertiga,Maruti,2012,0.31596091205211724,0.5,Diesel
561,Audi A4 2.0,Audi,2013,0.4820846905537459,0.0675,Diesel
562,Volvo S80 Summum,Volvo,2015,0.5928338762214984,0.10500000000000001,Diesel
563,Toyota Corolla Altis,Toyota,2014,0.247557003257329,0.07250000000000001,Petrol
564,Mitsubishi Pajero Sport,Mitsubishi,2015,0.5521172638436482,0.09250000000000001,Diesel
565,Chevrolet Beat LT,Chevrolet,2012,0.03420195439739414,0.09000000000000001,Petrol
566,BMW X1,BMW,2011,0.31596091205211724,0.085,Diesel
567,Datsun Redi GO,Datsun,2018,0.08794755700325732,0.0175,Petrol
568,Mercedes Benz C,Mercedes,2009,0.38925081433224756,0.19,Diesel
569,Mahindra Scorpio SLX,Mahindra,2004,0.04723127035830618,0.15000000000000002,Diesel
570,Volkswagen Vento Comfortline,Volkswagen,2011,0.05537459283387622,0.23750000000000002,Diesel
571,Tata Indigo CS,Tata,2017,0.0781758957654723,0.125,Diesel
572,Ford Figo Petrol,Ford,2019,0.16123778501628663,0.0,Petrol
573,Honda City ZX,Honda,2006,0.04885993485342019,0.125,Petrol
574,Maruti Suzuki Wagon,Maruti,2008,0.035830618892508145,0.17,Petrol
575,Ford EcoSport Trend,Ford,2014,0.12052117263843648,0.04,Petrol
576,Maruti Suzuki Swift,Maruti,2016,0.1527687296416938,0.1275,Diesel
577,Maruti Suzuki Omni,Maruti,2009,0.017915309446254073,0.14,Petrol
578,Maruti Suzuki Zen,Maruti,2004,0.013029315960912051,0.25,Petrol
579,Renault Duster RxL,Renault,2015,0.16938110749185667,0.09000000000000001,Petrol
580,Maruti Suzuki Swift,Maruti,2014,0.11074918566775244,0.028807500000000003,Petrol
581,Maruti Suzuki Baleno,Maruti,2018,0.21498371335504884,0.0025,Petrol
582,Honda WR V,Honda,2009,0.07166123778501628,0.15000000000000002,Petrol
583,Tata Indigo CS,Tata,2016,0.026058631921824105,0.21250000000000002,Diesel
584,Renault Duster 110,Renault,2013,0.1498371335504886,0.0965,Diesel
585,Mahindra Scorpio LX,Mahindra,2009,0.09446254071661238,0.23875000000000002,Diesel
586,Maruti Suzuki Zen,Maruti,2004,0.012377850162866449,0.14,Petrol
587,Maruti Suzuki Wagon,Maruti,2014,0.03257328990228013,0.093645,Petrol
588,Maruti Suzuki SX4,Maruti,2016,0.30618892508143325,0.2149,Diesel
589,Audi A3 Cabriolet,Audi,2015,1.0,0.031290000000000005,Petrol
590,Hyundai Eon D,Hyundai,2018,0.08143322475570032,0.08750000000000001,Petrol
591,Maruti Suzuki Zen,Maruti,2009,0.03094462540716612,0.0,Petrol
592,Mahindra Scorpio SLX,Mahindra,2008,0.08306188925081433,0.2,Diesel
593,Hyundai Santro AE,Hyundai,2011,0.04397394136807818,0.1125,Petrol
594,Maruti Suzuki Swift,Maruti,2009,0.07166123778501628,0.1275,Diesel
595,Mahindra Xylo D2,Mahindra,2011,0.11726384364820847,0.12000000000000001,Diesel
596,Hyundai Santro,Hyundai,2003,0.00977198697068404,0.1275,Petrol
597,Chevrolet Beat LT,Chevrolet,2015,0.06026058631921824,0.225,Diesel
598,Maruti Suzuki Swift,Maruti,2015,0.1449511400651466,0.10750000000000001,Diesel
599,Mahindra XUV500 W8,Mahindra,2015,0.2830618892508143,0.1325,Diesel
600,Toyota Fortuner 3.0,Toyota,2013,0.47850162866449514,0.24250000000000002,Diesel
601,Maruti Suzuki Alto,Maruti,2013,0.06840390879478828,0.05,Petrol
602,Hyundai Getz GLE,Hyundai,2007,0.022475570032573288,0.1375,Petrol
603,Maruti Suzuki Swift,Maruti,2014,0.07491856677524429,0.30000000000000004,Diesel
604,Hyundai Creta 1.6,Hyundai,2019,0.3811074918566775,0.0,Petrol
605,Hyundai Santro Xing,Hyundai,2007,0.027687296416938113,0.115,Petrol
606,Hyundai Santro Xing,Hyundai,2009,0.018892508143322474,0.10800000000000001,Petrol
607,Mahindra Xylo D2,Mahindra,2011,0.11726384364820847,0.14,Diesel
608,Hyundai Santro Xing,Hyundai,2007,0.03420195439739414,0.10500000000000001,Petrol
609,Tata Indica V2,Tata,2009,0.019543973941368076,0.07650000000000001,Diesel
610,Hyundai i10 Sportz,Hyundai,2011,0.06188925081433225,0.095,Petrol
611,Hyundai Grand i10,Hyundai,2017,0.1286641693811075,0.0063750000000000005,Petrol
612,Hyundai Santro Xing,Hyundai,2007,0.03420195439739414,0.11750000000000001,Petrol
613,Honda City 1.5,Honda,2005,0.021172638436482084,0.10250000000000001,Petrol
614,Nissan Micra XL,Nissan,2017,0.13029315960912052,0.15625,Diesel
615,Honda City 1.5,Honda,2005,0.027687296416938113,0.17,Petrol
616,Maruti Suzuki Alto,Maruti,2015,0.06026058631921824,0.125,Petrol
617,Maruti Suzuki Wagon,Maruti,2004,0.0074918566775244305,0.17250000000000001,Petrol
618,Maruti Suzuki Ertiga,Maruti,2012,0.1530944625407166,0.12000000000000001,Diesel
619,Tata Indica eV2,Tata,2012,0.017915309446254073,0.1375,Diesel
620,Maruti Suzuki Omni,Maruti,2013,0.04397394136807818,0.0625,Petrol
621,Hyundai Eon Era,Hyundai,2014,0.05537459283387622,0.07100000000000001,Petrol
622,Hyundai Eon,Hyundai,2014,0.05537459283387622,0.07,Petrol
623,Maruti Suzuki Swift,Maruti,2015,0.12866449511400652,0.10500000000000001,Diesel
624,Hyundai Verna 1.6,Hyundai,2012,0.18566775244299674,0.07250000000000001,Diesel
625,Chevrolet Tavera LS,Chevrolet,2005,0.03257328990228013,0.17121250000000002,Diesel
626,Tata Tiago Revotron,Tata,2018,0.13029315960912052,0.00875,Petrol
627,Tata Tiago Revotorq,Tata,2019,0.1754071661237785,0.0,Petrol
628,Maruti Suzuki Zen,Maruti,2006,0.013355048859934854,0.08,Petrol
629,Mahindra KUV100 K8,Mahindra,2018,0.17263843648208468,0.02,Diesel
630,Ford EcoSport Titanium,Ford,2014,0.18241042345276873,0.085,Diesel
631,Hindustan Motors Ambassador,Hindustan,1995,0.23452768729641693,0.09250000000000001,Petrol
632,Ford Fusion 1.4,Ford,2007,0.03094462540716612,0.2136375,Diesel
633,Hyundai Santro Xing,Hyundai,2007,0.03420195439739414,0.115,Petrol
634,Hyundai Santro,Hyundai,2002,0.00977198697068404,0.11750000000000001,Petrol
635,Fiat Linea Emotion,Fiat,2009,0.02931596091205212,0.16,Petrol
636,Ford Ikon 1.3,Ford,2008,0.021172638436482084,0.115,Petrol
637,Maruti Suzuki Omni,Maruti,2017,0.06840390879478828,0.02,Petrol
638,Tata Indica V2,Tata,2012,0.027687296416938113,0.16,Diesel
639,Mahindra Scorpio S4,Mahindra,2015,0.249185667752443,0.1575,Diesel
640,Hyundai Santro Xing,Hyundai,2007,0.008143322475570033,0.1625,Petrol
641,Mahindra Xylo D2,Mahindra,2009,0.08794788273615635,0.155,Diesel
642,Hyundai Grand i10,Hyundai,2014,0.09446254071661238,0.10250000000000001,Petrol
643,Maruti Suzuki Alto,Maruti,2015,0.0765472312703583,0.035,Petrol
644,Toyota Corolla,Toyota,2006,0.042345276872964174,0.1,Petrol
645,Hyundai Eon Magna,Hyundai,2017,0.08794788273615635,0.004,Petrol
646,Tata Sumo Grande,Tata,2010,0.03257328990228013,0.225,Diesel
647,Maruti Suzuki Swift,Maruti,2011,0.07166123778501628,0.14500000000000002,Diesel
648,Volkswagen Polo Highline1.2L,Volkswagen,2013,0.11400651465798045,0.0675,Petrol
649,Maruti Suzuki Alto,Maruti,2003,0.003908794788273615,0.15000000000000002,Petrol
650,Tata Tiago Revotron,Tata,2017,0.12052117263843648,0.0775,Petrol
651,Maruti Suzuki Swift,Maruti,2009,0.02931596091205212,0.225,Diesel
652,Maruti Suzuki Swift,Maruti,2009,0.02931596091205212,0.225,Diesel
653,Tata Indigo eCS,Tata,2016,0.03257328990228013,0.37500000000000006,Diesel
654,Chevrolet Beat LS,Chevrolet,2014,0.05179153094462541,0.0775,Diesel
655,Mahindra Xylo E8,Mahindra,2011,0.10912052117263843,0.10750000000000001,Diesel
656,Hyundai Eon D,Hyundai,2013,0.04560260586319219,0.05,Petrol
657,Tata Sumo Gold,Tata,2013,0.06026058631921824,0.25,Petrol
658,Tata Nano,Tata,2013,0.00977198697068404,0.0175,Petrol
659,Hyundai Elite i20,Hyundai,2017,0.18566742671009773,0.0775,Petrol
660,Hyundai i10 Magna,Hyundai,2009,0.12052117263843648,0.0825,Petrol
661,Hyundai Creta,Hyundai,2016,0.28338762214983715,0.15000000000000002,Diesel
662,Volkswagen Polo,Volkswagen,2013,0.08794755700325732,0.12000000000000001,Diesel
663,Maruti Suzuki Dzire,Maruti,2014,0.11237752442996743,0.0825,Petrol
664,Tata Bolt XM,Tata,2015,0.18566775244299674,0.037500000000000006,Petrol
665,Maruti Suzuki Alto,Maruti,2005,0.013029315960912051,0.11750000000000001,Petrol
666,Maruti Suzuki Alto,Maruti,2005,0.02280130293159609,0.1,Petrol
667,Maruti Suzuki Ritz,Maruti,2010,0.03908794788273616,0.095,Diesel
668,Maruti Suzuki Alto,Maruti,2017,0.06351791530944625,0.03125,Petrol
669,Maruti Suzuki Dzire,Maruti,2009,0.05863192182410423,0.10500000000000001,Petrol
670,Hyundai i20 Asta,Hyundai,2014,0.12866449511400652,0.0775,Petrol
671,Maruti Suzuki Swift,Maruti,2008,0.042996742671009766,0.15000000000000002,Diesel
672,Tata Indica V2,Tata,2005,0.00977198697068404,0.2,Diesel
673,Mahindra Scorpio VLX,Mahindra,2014,0.20195439739413681,0.1925,Diesel
674,Toyota Innova 2.5,Toyota,2012,0.23452768729641693,0.18750000000000003,Diesel
675,Mahindra Xylo E8,Mahindra,2010,0.11237785016286644,0.1,Diesel
676,Hyundai i20 Magna,Hyundai,2011,0.06514657980456026,0.11750000000000001,Petrol
677,Maruti Suzuki Omni,Maruti,2000,0.001954071661237785,0.15000000000000002,Petrol
678,Mahindra KUV100,Mahindra,2016,0.11400651465798045,0.06625,Petrol
679,Mahindra KUV100 K8,Mahindra,2019,0.17263843648208468,0.0071875,Petrol
680,Datsun Go Plus,Datsun,2016,0.08306188925081433,0.03475,Petrol
681,Ford Endeavor 4x4,Ford,2019,0.9348534201954397,0.022500000000000003,Diesel
682,Tata Indica V2,Tata,2005,0.0032570032573289893,0.2,Diesel
683,Hyundai Santro Xing,Hyundai,2006,0.017915309446254073,0.15000000000000002,Petrol
684,Maruti Suzuki Wagon,Maruti,2016,0.11889250814332247,0.05,Petrol
685,Maruti Suzuki Swift,Maruti,2008,0.04723127035830618,0.14500000000000002,Diesel
686,Maruti Suzuki Alto,Maruti,2019,0.12052117263843648,0.0037500000000000003,Petrol
687,Toyota Innova 2.5,Toyota,2011,0.23452768729641693,0.18750000000000003,Diesel
688,Maruti Suzuki Alto,Maruti,2016,0.07166123778501628,0.006125,Petrol
689,Maruti Suzuki Alto,Maruti,2019,0.12866449511400652,0.0040625,Petrol
690,Volkswagen Polo Highline1.2L,Volkswagen,2017,0.16123778501628663,0.1125,Petrol
691,Mahindra Logan,Mahindra,2009,0.03257328990228013,0.1625,Diesel
692,Maruti Suzuki 800,Maruti,2000,0.0,0.0835,Petrol
693,Mahindra Scorpio,Mahindra,2011,0.1449511400651466,0.1503075,Diesel
694,Chevrolet Sail 1.2,Chevrolet,2013,0.08794788273615635,0.07,Petrol
695,Hyundai Santro AE,Hyundai,2003,0.00977198697068404,0.17500000000000002,Petrol
696,Maruti Suzuki Wagon,Maruti,2006,0.02280130293159609,0.0175,Petrol
697,Hyundai Eon,Hyundai,2018,0.07491856677524429,0.0625,Petrol
698,Tata Manza,Tata,2015,0.02280130293159609,0.25,Diesel
699,Toyota Etios G,Toyota,2013,0.0765472312703583,0.10500000000000001,Petrol
700,Toyota Qualis,Toyota,2003,0.04885993485342019,0.25,Diesel
701,Hyundai Santro Xing,Hyundai,2004,0.004885993485342018,0.34373750000000003,Petrol
702,Tata Indica eV2,Tata,2016,0.006677524429967427,0.228,Diesel
703,Honda City 1.5,Honda,2009,0.0781758957654723,0.1375,Petrol
704,Tata Zest XE,Tata,2017,0.08469055374592833,0.30000000000000004,Diesel
705,Mahindra Quanto C4,Mahindra,2013,0.09609120521172639,0.1575,Diesel
706,Tata Indigo eCS,Tata,2016,0.042345276872964174,0.26,Diesel
707,Maruti Suzuki Swift,Maruti,2016,0.10423452768729641,0.36500000000000005,Diesel
708,Hyundai Elite i20,Hyundai,2011,0.08469055374592833,0.1,Petrol
709,Hyundai i20 Select,Hyundai,2011,0.08469055374592833,0.1,Petrol
710,Chevrolet Tavera Neo,Chevrolet,2007,0.14169381107491857,0.252,Diesel
711,Maruti Suzuki Dzire,Maruti,2016,0.09609120521172639,0.37500000000000006,Diesel
712,Hyundai Elite i20,Hyundai,2018,0.1563517915309446,0.00525,Petrol
713,Honda City VX,Honda,2016,0.2703583061889251,0.23750000000000002,Petrol
714,Maruti Suzuki Dzire,Maruti,2016,0.13680781758957655,0.00625,Diesel
715,Hyundai Getz,Hyundai,2006,0.03094462540716612,0.2,Petrol
716,Mercedes Benz C,Mercedes,2006,0.15309478827361564,0.037500000000000006,Petrol
717,Maruti Suzuki Alto,Maruti,2005,0.021172638436482084,0.1625,Petrol
718,Skoda Fabia,Skoda,2009,0.026058631921824105,0.1125,Petrol
719,Maruti Suzuki Ritz,Maruti,2011,0.0781758957654723,0.125,Petrol
720,Tata Indica V2,Tata,2009,0.026058631921824105,0.07500000000000001,Diesel
721,Toyota Corolla Altis,Toyota,2009,0.08794788273615635,0.33,Petrol
722,Tata Zest XM,Tata,2018,0.07491856677524429,0.0675,Diesel
723,Mahindra Quanto C8,Mahindra,2013,0.11726384364820847,0.1,Diesel
